<?xml version='1.0' encoding='utf-8' standalone='yes' ?>
<map>
    <string name="startapi">5eb393ee95fab7468a79d189</string>
    <string name="tgdl">https://t.me/+RAdqqVBZM000Y2Q1</string>
    <string name="announcementVisible">true</string>
    <string name="announcementButton">Join Now</string>
    <string name="announcementLink">https://whatsapp.com/channel/0029VaMatol8fews0k9JA31c</string>
    <string name="announcementTitle">📢 Note: This App is 100% FREE!</string>
    <string name="homeApi">https://api.asmultiverse.com</string>
    <string name="pwVersion">3.02.7-TheMadXABhi</string>
    <string name="yt">https://youtube.com/@AS-Multiverse?feature=shared</string>
    <string name="donate">https://t.me/+25irgxs_aI43NjU1</string>
    <string name="tag">@ASMultiverseAppZ</string>
    <string name="ig">https://www.instagram.com/as_multiverse.official</string>
    <string name="apiRoutes">/api/v1/pw</string>
    <string name="apiHost">https://api.asmultiverse.com</string>
    <string name="title1">Join Telegram Channel</string>
    <string name="title2">Subscribe me on YouTube</string>
    <string name="icon5">https://i.ibb.co/Vr95C28/1000484325.jpg</string>
    <string name="title3">Join WhatsApp Channel</string>
    <string name="icon3">https://static.whatsapp.net/rsrc.php/v3/yP/r/rYZqPCBaG70.png</string>
    <string name="title4">Follow me On Instagram</string>
    <string name="icon4">https://i.ibb.co/8gZwWkMN/1000484321.jpg</string>
    <string name="title5">Join Discord Now</string>
    <string name="icon1">https://telegram.org/img/t_logo.png</string>
    <string name="icon2">https://i.ibb.co/1t2vrGqQ/1000484324.jpg</string>
    <string name="idmType">2</string>
    <string name="botType">2</string>
    <string name="cVersion">3.02.7</string>
    <string name="genRoutes">/api/v1/pw</string>
    <string name="viewType">01</string>
    <string name="random_id">08e4c401cb5c6031</string>
    <string name="_id">5TN393TT95aMN7468M79S179</string>
    <string name="updateLink">https://t.me/asmultiverse_apk</string>
    <string name="updateMessage">🚀 AS MULTIVERSE [ PW ] App v2.02.7 is here! Tap (Update Now) for the latest features &amp; improvements! 📲✨</string>
    <string name="videoPlay">DASH</string>
    <string name="status">true</string>
    <string name="Notification">True</string>
    <string name="link1">https://telegram.me/+ycgTZBVfR0MyZjU1</string>
    <string name="howToOpen">https://telegram.me/How_To_Get_Auth_Key</string>
    <string name="link5">https://whatsapp.com/channel/0029VaMatol8fews0k9JA31c</string>
    <string name="link4">https://www.instagram.com/as_multiverse.official</string>
    <string name="wp">https://whatsapp.com/channel/0029VaMatol8fews0k9JA31c</string>
    <string name="link3">https://whatsapp.com/channel/0029VaMatol8fews0k9JA31c</string>
    <string name="link2">https://youtube.com/@AS-Multiverse?feature=shared</string>
    <string name="authKey">IVNOLO8719YDQO5Z</string>
    <string name="pwStatus">true</string>
    <string name="allApp">https://asmultiverse.com</string>
    <string name="deviceVersion">34</string>
    <string name="mainType">1</string>
    <string name="command">/yl </string>
    <string name="tg">https://telegram.me/+ycgTZBVfR0MyZjU1</string>
    <string name="thumb1">https://i.ibb.co/KjjG5Lxd/1000484298.jpg</string>
    <string name="deviceModel">V2141</string>
    <string name="announcementImage">https://i.ibb.co/9mpMQ8rz/1000524810.jpg</string>
    <string name="thumb4">https://i.ibb.co/zTxBqWjM/1000484299.jpg</string>
    <string name="announcementDescription">If someone charged you for this app, ask for a refund immediately.&#10;&#10;  🚫 Due to frequent copyright issues on Telegram, all official updates are now shared on WhatsApp.&#10;  👉 The Telegram link is available in our official WhatApps channel. Only join that one — all others are unofficial.&#10;&#10;Stay updated, stay safe! 🔐🚩</string>
    <string name="thumb5">https://i.ibb.co/BKtyQGtN/1000484304.jpg</string>
    <string name="thumb2">https://i.ibb.co/9mKsX22k/1000484303.jpg</string>
    <string name="thumb3">https://i.ibb.co/cKfNjLJN/1000484305.jpg</string>
    <string name="dc">https://www.instagram.com/as_multiverse.official</string>
</map>
