<?xml version='1.0' encoding='utf-8' standalone='yes' ?>
<map>
    <string name="homePreviousData">{&quot;exam&quot;:&quot;Foundation&quot;,&quot;name&quot;:&quot;8th to 9th Bridge Course 2026 (ICSE)&quot;,&quot;_id&quot;:&quot;67fde9bb4baef4c510397d77&quot;,&quot;class&quot;:&quot;9&quot;,&quot;batchImage&quot;:&quot;https://static.pw.live/5eb393ee95fab7468a79d189/ADMIN/9f1d4ce9-426d-4134-92a9-641c570e5eef.jpg&quot;,&quot;slug&quot;:&quot;8th-to-9th-bridge-course-2026--icse--678020&quot;,&quot;previewImage&quot;:&quot;{\&quot;baseUrl\&quot;:\&quot;https:\\/\\/static.pw.live\\/\&quot;,\&quot;key\&quot;:\&quot;5eb393ee95fab7468a79d189\\/ADMIN\\/9f1d4ce9-426d-4134-92a9-641c570e5eef.jpg\&quot;}&quot;}</string>
    <string name="subject_id">67fe39ceb90a0aa6302f8e11</string>
    <string name="batch_name">8th to 9th Bridge Course 2026 (ICSE)</string>
    <string name="batch_id">67fde9bb4baef4c510397d77</string>
    <string name="subject_name">Notices</string>
    <string name="chapterPreviousData">{&quot;notesCountX&quot;:&quot;1 Notes&quot;,&quot;subject_id&quot;:&quot;67fe39ceb90a0aa6302f8e11&quot;,&quot;notes&quot;:&quot;1&quot;,&quot;batch_id&quot;:&quot;67fde9bb4baef4c510397d77&quot;,&quot;displayOrder&quot;:&quot;1&quot;,&quot;videos&quot;:&quot;0&quot;,&quot;exercisesCountX&quot;:&quot;0 Exercises&quot;,&quot;type&quot;:&quot;BATCH_SCHEDULE_VIDEO&quot;,&quot;batch_name&quot;:&quot;8th to 9th Bridge Course 2026 (ICSE)&quot;,&quot;exercises&quot;:&quot;0&quot;,&quot;videosCountX&quot;:&quot;0 Videos&quot;,&quot;name&quot;:&quot;Lecture Planner || Pdf Only&quot;,&quot;lectureVideos&quot;:&quot;0&quot;,&quot;subject_name&quot;:&quot;Notices&quot;,&quot;typeId&quot;:&quot;67fe39ceb90a0aa6302f8e11&quot;,&quot;_id&quot;:&quot;67fe41e41fe2029fbb13c891&quot;,&quot;slug&quot;:&quot;lecture-planner-||-pdf-only-049056&quot;}</string>
    <string name="chapter_name">Lecture Planner || Pdf Only</string>
    <string name="chapter_id">67fe41e41fe2029fbb13c891</string>
    <string name="subjectPreviousData">{&quot;subjectImage&quot;:&quot;https://d2bps9p1kiy4ka.cloudfront.net/5eb393ee95fab7468a79d189/95a17012-9abb-4254-82d9-2b18ce08d9dc.png&quot;,&quot;tagCountt&quot;:&quot;1 Chapters&quot;,&quot;imageId&quot;:&quot;{\&quot;_id\&quot;:\&quot;654b5b97a6cfa80018a30969\&quot;,\&quot;name\&quot;:\&quot;file.png\&quot;,\&quot;baseUrl\&quot;:\&quot;https:\\/\\/d2bps9p1kiy4ka.cloudfront.net\\/\&quot;,\&quot;key\&quot;:\&quot;5eb393ee95fab7468a79d189\\/95a17012-9abb-4254-82d9-2b18ce08d9dc.png\&quot;}&quot;,&quot;batch_id&quot;:&quot;67fde9bb4baef4c510397d77&quot;,&quot;subject&quot;:&quot;Notices&quot;,&quot;isKhazana&quot;:false,&quot;teacherIds&quot;:&quot;[]&quot;,&quot;displayOrder&quot;:&quot;1&quot;,&quot;substituteTeacherIds&quot;:&quot;[]&quot;,&quot;batchId&quot;:&quot;67fde9bb4baef4c510397d77&quot;,&quot;subjectId&quot;:&quot;5f821b41c94a920018e76340&quot;,&quot;qbgSubjectId&quot;:&quot;80ltcvhd7imusu1xfro6rsjsp&quot;,&quot;isResources&quot;:&quot;true&quot;,&quot;lectureCount&quot;:&quot;0&quot;,&quot;batch_name&quot;:&quot;8th to 9th Bridge Course 2026 (ICSE)&quot;,&quot;teacherNames&quot;:&quot;No teacher assigned&quot;,&quot;schedules&quot;:&quot;[]&quot;,&quot;tagCount&quot;:&quot;1&quot;,&quot;_id&quot;:&quot;67fe39ceb90a0aa6302f8e11&quot;,&quot;lectureCountt&quot;:&quot;0 Lectures&quot;,&quot;slug&quot;:&quot;notices-665838&quot;,&quot;fileId&quot;:&quot;null&quot;}</string>
    <string name="freeBatchesPreviousData">{&quot;batch_class&quot;:&quot;9th&quot;,&quot;_id&quot;:&quot;682741ac6c1d667d4ef455cf&quot;,&quot;batch_exam&quot;:&quot;FOUNDATION&quot;}</string>
</map>
